onset	duration	sample	value
1.3480000000	234.0000000000	674	boundary
7.6152106214	1000.0000000000	3807.6053	go
7.9692119199	1000.0000000000	3984.606	cor
8.8652138996	1000.0000000000	4432.6069	ng
10.0982086200	1000.0000000000	5049.1043	ng
10.9812052387	1000.0000000000	5490.6026	go
11.3202096361	1000.0000000000	5660.1048	cor
12.1482075590	1000.0000000000	6074.1038	go
12.4412053663	1000.0000000000	6220.6027	cor
13.1812134224	1000.0000000000	6590.6067	ng
14.3152044553	1000.0000000000	7157.6022	go
14.5922095913	1000.0000000000	7296.1048	cor
15.3982100475	1000.0000000000	7699.105	go
15.6802040923	1000.0000000000	7840.102	cor
16.3812061238	1000.0000000000	8190.6031	go
16.6642059970	1000.0000000000	8332.103	cor
17.5642111737	1000.0000000000	8782.1056	go
17.8162114161	1000.0000000000	8908.1057	cor
18.4982133496	1000.0000000000	9249.1067	go
18.7522051322	1000.0000000000	9376.1026	cor
19.7312080699	1000.0000000000	9865.604	go
20.0242058772	1000.0000000000	10012.1029	cor
20.7642038751	1000.0000000000	10382.1019	go
21.0162041175	1000.0000000000	10508.1021	cor
21.8982049662	1000.0000000000	10949.1025	go
22.2482131261	1000.0000000000	11124.1066	cor
23.0482087868	1000.0000000000	11524.1044	go
23.3042122263	1000.0000000000	11652.1061	cor
24.2142052788	1000.0000000000	12107.1026	go
24.4482112515	1000.0000000000	12224.1056	cor
25.2142099130	1000.0000000000	12607.105	go
25.4802112865	1000.0000000000	12740.1056	cor
26.4312119621	1000.0000000000	13215.606	go
26.6502109754	1000.0000000000	13325.1055	cor
27.3812068093	1000.0000000000	13690.6034	go
27.6642066824	1000.0000000000	13832.1033	cor
28.2982104856	1000.0000000000	14149.1052	go
28.5602086622	1000.0000000000	14280.1043	cor
29.8162066776	1000.0000000000	14908.1033	err
30.6642105269	1000.0000000000	15332.1053	go
30.9122075725	1000.0000000000	15456.1038	cor
31.8642040181	1000.0000000000	15932.102	go
32.1362101871	1000.0000000000	16068.1051	cor
32.7482064652	1000.0000000000	16374.1032	ng
33.9482100147	1000.0000000000	16974.105	go
34.1762111920	1000.0000000000	17088.1056	cor
34.9982043195	1000.0000000000	17499.1022	go
35.3442092824	1000.0000000000	17672.1046	cor
35.8812109965	1000.0000000000	17940.6055	go
36.1842067379	1000.0000000000	18092.1034	cor
37.0312047589	1000.0000000000	18515.6024	ng
38.2312083083	1000.0000000000	19115.6042	go
38.4722047883	1000.0000000000	19236.1024	cor
39.4642130870	1000.0000000000	19732.1065	go
39.7442055333	1000.0000000000	19872.1028	cor
40.5312058914	1000.0000000000	20265.6029	go
40.8322100925	1000.0000000000	20416.105	cor
41.7982076693	1000.0000000000	20899.1038	go
42.0882081079	1000.0000000000	21044.1041	cor
42.9982112187	1000.0000000000	21499.1056	go
43.2722089279	1000.0000000000	21636.1045	cor
44.0482055235	1000.0000000000	22024.1028	go
44.3122052985	1000.0000000000	22156.1026	cor
45.2312105733	1000.0000000000	22615.6053	go
45.4802134472	1000.0000000000	22740.1067	cor
46.2482137072	1000.0000000000	23124.1069	go
46.5202098179	1000.0000000000	23260.1049	cor
47.2312097836	1000.0000000000	23615.6049	go
47.5042117226	1000.0000000000	23752.1059	cor
48.1472076315	1000.0000000000	24073.6038	go
48.3842109728	1000.0000000000	24192.1055	cor
49.2312089938	1000.0000000000	24615.6045	go
49.4642091382	1000.0000000000	24732.1046	cor
50.2472062993	1000.0000000000	25123.6031	go
50.4662053126	1000.0000000000	25233.1027	cor
51.5682110029	1000.0000000000	25784.1055	err
52.3972046959	1000.0000000000	26198.6023	go
52.6242101032	1000.0000000000	26312.1051	cor
53.5472085166	1000.0000000000	26773.6043	go
53.8082109231	1000.0000000000	26904.1055	cor
54.6642111081	1000.0000000000	27332.1056	go
54.9282108831	1000.0000000000	27464.1054	cor
55.8812131572	1000.0000000000	27940.6066	go
56.1602098334	1000.0000000000	28080.1049	cor
56.9812071908	1000.0000000000	28490.6036	ng
58.0642127830	1000.0000000000	29032.1064	go
58.3042134929	1000.0000000000	29152.1067	cor
59.1312055874	1000.0000000000	29565.6028	go
59.3762052643	1000.0000000000	29688.1026	cor
60.3642103660	1000.0000000000	30182.1052	go
61.3312137711	1000.0000000000	30665.6069	go
61.6002125132	1000.0000000000	30800.1063	cor
62.5472099918	1000.0000000000	31273.605	go
62.7842133331	1000.0000000000	31392.1067	cor
63.6472140837	1000.0000000000	31823.607	go
63.9442050296	1000.0000000000	31972.1025	cor
65.1042067844	1000.0000000000	32552.1034	err
66.1202040899	1000.0000000000	33060.102	err
67.0082097340	1000.0000000000	33504.1049	err
67.9042117137	1000.0000000000	33952.1059	err
68.7972062665	1000.0000000000	34398.6031	go
69.1762124586	1000.0000000000	34588.1062	cor
69.6812087137	1000.0000000000	34840.6044	go
70.0082135785	1000.0000000000	35004.1068	cor
70.7142045188	1000.0000000000	35357.1023	go
70.9682063597	1000.0000000000	35484.1032	cor
85.4802077103	1000.0000000000	42740.1039	ng
86.7472094882	1000.0000000000	43373.6047	go
87.1202108848	1000.0000000000	43560.1054	cor
88.0142112660	1000.0000000000	44007.1056	go
88.3042117047	1000.0000000000	44152.1059	cor
89.0472070712	1000.0000000000	44523.6035	go
89.3202090102	1000.0000000000	44660.1045	cor
90.1972108918	1000.0000000000	45098.6054	go
90.4482053059	1000.0000000000	45224.1027	cor
91.4472041118	1000.0000000000	45723.6021	ng
92.4472087461	1000.0000000000	46223.6044	go
92.7202106851	1000.0000000000	46360.1053	cor
93.6972120243	1000.0000000000	46848.606	go
93.9762087005	1000.0000000000	46988.1044	cor
94.9302067447	1000.0000000000	47465.1034	go
95.2642121750	1000.0000000000	47632.1061	cor
96.0802105653	1000.0000000000	48040.1053	go
96.3922084707	1000.0000000000	48196.1042	cor
97.3142111140	1000.0000000000	48657.1056	go
97.5522102255	1000.0000000000	48776.1051	cor
98.4642048764	1000.0000000000	49232.1024	go
99.6302114266	1000.0000000000	49815.1057	go
99.8722137350	1000.0000000000	49936.1069	cor
100.7142127889	1000.0000000000	50357.1064	go
100.9762109655	1000.0000000000	50488.1055	cor
101.7972083229	1000.0000000000	50898.6042	go
102.0802081960	1000.0000000000	51040.1041	cor
102.9642106432	1000.0000000000	51482.1053	go
103.2082044917	1000.0000000000	51604.1022	cor
104.1642041343	1000.0000000000	52082.1021	go
104.4562061715	1000.0000000000	52228.1031	cor
105.1302117693	1000.0000000000	52565.1059	go
105.4242053467	1000.0000000000	52712.1027	cor
106.3642123181	1000.0000000000	53182.1062	go
106.6482079613	1000.0000000000	53324.104	cor
107.2972086656	1000.0000000000	53648.6043	ng
108.1972037840	1000.0000000000	54098.6019	go
108.4482082564	1000.0000000000	54224.1041	cor
109.3972073334	1000.0000000000	54698.6037	ng
110.4972114253	1000.0000000000	55248.6057	go
110.7602053720	1000.0000000000	55380.1027	cor
111.7302061456	1000.0000000000	55865.1031	go
112.0642115760	1000.0000000000	56032.1058	cor
112.8142075080	1000.0000000000	56407.1038	ng
113.8142121422	1000.0000000000	56907.1061	go
114.0722071218	1000.0000000000	57036.1036	cor
114.7972082186	1000.0000000000	57398.6041	go
115.1682080168	1000.0000000000	57584.104	cor
115.6972133952	1000.0000000000	57848.6067	go
115.9522110063	1000.0000000000	57976.1055	cor
116.6302097428	1000.0000000000	58315.1049	go
116.8882047224	1000.0000000000	58444.1024	cor
117.8802130210	1000.0000000000	58940.1065	go
118.1842045325	1000.0000000000	59092.1023	cor
118.9472058254	1000.0000000000	59473.6029	go
119.2082082319	1000.0000000000	59604.1041	cor
120.1972091037	1000.0000000000	60098.6046	go
120.4642062473	1000.0000000000	60232.1031	cor
121.3802040952	1000.0000000000	60690.102	go
121.7112121570	1000.0000000000	60855.6061	cor
122.8872065830	1000.0000000000	61443.6033	err
123.5632137793	1000.0000000000	61781.6069	go
124.0072065431	1000.0000000000	62003.6033	cor
124.6802063125	1000.0000000000	62340.1032	go
125.1592119622	1000.0000000000	62579.606	cor
125.6472097176	1000.0000000000	62823.6049	ng
126.6632070231	1000.0000000000	63331.6035	go
126.9512058634	1000.0000000000	63475.6029	cor
127.8132108438	1000.0000000000	63906.6054	go
128.0552131522	1000.0000000000	64027.6066	cor
128.7472130197	1000.0000000000	64373.6065	go
129.0392049986	1000.0000000000	64519.6025	cor
129.7632103252	1000.0000000000	64881.6052	go
130.0472059685	1000.0000000000	65023.603	cor
130.7802134591	1000.0000000000	65390.1067	go
131.0392042089	1000.0000000000	65519.6021	cor
131.7472068059	1000.0000000000	65873.6034	go
131.9912107128	1000.0000000000	65995.6054	cor
132.9132133561	1000.0000000000	66456.6067	go
133.1512124676	1000.0000000000	66575.6062	cor
133.7972057450	1000.0000000000	66898.6029	go
134.0392080534	1000.0000000000	67019.604	cor
134.8472101080	1000.0000000000	67423.6051	go
135.0652133512	1000.0000000000	67532.6067	cor
135.7972049552	1000.0000000000	67898.6025	go
136.0472136575	1000.0000000000	68023.6068	cor
137.0312055039	1000.0000000000	68515.6028	err
137.9802045810	1000.0000000000	68990.1023	go
138.3752135026	1000.0000000000	69187.6068	cor
139.1972066301	1000.0000000000	69598.6033	go
139.5512079287	1000.0000000000	69775.604	cor
140.4302114087	1000.0000000000	70215.1057	go
140.7112096834	1000.0000000000	70355.6048	cor
141.3972047555	1000.0000000000	70698.6024	go
141.6632061291	1000.0000000000	70831.6031	cor
142.4632118481	1000.0000000000	71231.6059	go
142.6952061641	1000.0000000000	71347.6031	cor
143.6472126681	1000.0000000000	71823.6063	go
143.9112124431	1000.0000000000	71955.6062	cor
144.9992069441	1000.0000000000	72499.6035	err
145.8302122939	1000.0000000000	72915.1061	ng
147.0632070142	1000.0000000000	73531.6035	ng
148.1302098769	1000.0000000000	74065.1049	go
148.4552131432	1000.0000000000	74227.6066	cor
149.7032047647	1000.0000000000	74851.6024	err
163.5302068132	1000.0000000000	81765.1034	go
163.8472137439	1000.0000000000	81923.6069	cor
164.6132124054	1000.0000000000	82306.6062	go
164.9352082449	1000.0000000000	82467.6041	cor
165.6132069814	1000.0000000000	82806.6035	go
165.8952110845	1000.0000000000	82947.6055	cor
166.5132121581	1000.0000000000	83256.6061	go
166.7992093998	1000.0000000000	83399.6047	cor
167.4632070053	1000.0000000000	83731.6035	ng
168.3462136823	1000.0000000000	84173.1068	go
168.6312050956	1000.0000000000	84315.6025	cor
169.5962069023	1000.0000000000	84798.1035	go
169.9192085701	1000.0000000000	84959.6043	cor
170.7302079934	1000.0000000000	85365.104	go
171.0632075953	1000.0000000000	85531.6038	cor
171.9802112716	1000.0000000000	85990.1056	go
172.2312056857	1000.0000000000	86115.6028	cor
173.1132065344	1000.0000000000	86556.6033	go
173.3432093102	1000.0000000000	86671.6047	cor
174.0632114398	1000.0000000000	87031.6057	go
174.3752093452	1000.0000000000	87187.6047	cor
175.0462075162	1000.0000000000	87523.1038	go
175.4952093053	1000.0000000000	87747.6047	cor
175.9132114637	1000.0000000000	87956.6057	go
176.2472068357	1000.0000000000	88123.6034	cor
176.9802042681	1000.0000000000	88490.1021	go
177.2472114700	1000.0000000000	88623.6057	cor
177.9462119031	1000.0000000000	88973.106	go
178.1912115800	1000.0000000000	89095.6058	cor
180.1792112577	1000.0000000000	90089.6056	go
180.4312115002	1000.0000000000	90215.6058	cor
181.0792063761	1000.0000000000	90539.6032	go
181.3432061511	1000.0000000000	90671.6031	cor
182.0462097812	1000.0000000000	91023.1049	go
182.2872062612	1000.0000000000	91143.6031	cor
183.0292058575	1000.0000000000	91514.6029	go
183.3112099606	1000.0000000000	91655.605	cor
184.2132066774	1000.0000000000	92106.6033	go
184.5192098457	1000.0000000000	92259.6049	cor
185.3462119985	1000.0000000000	92673.106	go
185.6232070762	1000.0000000000	92811.6035	cor
186.6132137764	1000.0000000000	93306.6069	go
186.9352096158	1000.0000000000	93467.6048	cor
187.6632080811	1000.0000000000	93831.604	go
187.9272078562	1000.0000000000	93963.6039	cor
188.5962044287	1000.0000000000	94298.1022	go
188.8392125654	1000.0000000000	94419.6063	cor
189.7132070202	1000.0000000000	94856.6035	go
189.9592125255	1000.0000000000	94979.6063	cor
190.9272117007	1000.0000000000	95463.6059	err
191.8792081463	1000.0000000000	95939.6041	go
192.1032061267	1000.0000000000	96051.6031	cor
193.2472051519	1000.0000000000	96623.6026	err
194.3032042521	1000.0000000000	97151.6021	err
195.2132073629	1000.0000000000	97606.6037	go
195.5592123258	1000.0000000000	97779.6062	cor
196.1962134975	1000.0000000000	98098.1067	go
196.5192051071	1000.0000000000	98259.6026	cor
197.1962080735	1000.0000000000	98598.104	go
197.4552088815	1000.0000000000	98727.6044	cor
198.2462124366	1000.0000000000	99123.1062	go
198.4952052522	1000.0000000000	99247.6026	cor
199.1792087841	1000.0000000000	99589.6044	go
199.4472117561	1000.0000000000	99723.6059	cor
200.0962124604	1000.0000000000	100048.1062	go
200.3592064071	1000.0000000000	100179.6032	cor
201.1462067652	1000.0000000000	100573.1034	go
201.5432072270	1000.0000000000	100771.6036	cor
202.3632088143	1000.0000000000	101181.6044	go
202.6072127211	1000.0000000000	101303.6064	cor
203.4792055774	1000.0000000000	101739.6028	ng
204.6792091268	1000.0000000000	102339.6046	go
205.0312088269	1000.0000000000	102515.6044	cor
205.6132113028	1000.0000000000	102806.6057	ng
206.4962079215	1000.0000000000	103248.104	go
206.8392054576	1000.0000000000	103419.6027	cor
207.4962125558	1000.0000000000	103748.1063	go
207.8542069930	1000.0000000000	103927.1035	cor
208.4962071317	1000.0000000000	104248.1036	ng
209.6632094520	1000.0000000000	104831.6047	go
209.9982106525	1000.0000000000	104999.1053	cor
210.8792056727	1000.0000000000	105439.6028	ng
212.0292094934	1000.0000000000	106014.6047	go
212.2862087029	1000.0000000000	106143.1044	cor
213.2622042137	1000.0000000000	106631.1021	go
213.6622121024	1000.0000000000	106831.1061	cor
214.4792062628	1000.0000000000	107239.6031	go
214.7902083981	1000.0000000000	107395.1042	cor
216.3622075158	1000.0000000000	108181.1038	go
216.7992097723	1000.0000000000	108399.6049	cor
217.4292103785	1000.0000000000	108714.6052	go
217.7502104479	1000.0000000000	108875.1052	cor
218.4622061837	1000.0000000000	109231.1031	ng
219.6962067324	1000.0000000000	109848.1034	go
220.0222057688	1000.0000000000	110011.1029	cor
220.7292125958	1000.0000000000	110364.6063	go
221.3182055789	1000.0000000000	110659.1028	cor
221.7622084010	1000.0000000000	110881.1042	go
222.1582130927	1000.0000000000	111079.1065	cor
223.3582065839	1000.0000000000	111679.1033	err
223.9122067976	1000.0000000000	111956.1034	go
224.3182094234	1000.0000000000	112159.1047	cor
224.9792096603	1000.0000000000	112489.6048	go
225.3582057941	1000.0000000000	112679.1029	cor
225.9122060078	1000.0000000000	112956.103	go
226.1982133079	1000.0000000000	113099.1067	cor
239.6122121650	1000.0000000000	119806.1061	ng
240.5122072834	1000.0000000000	120256.1036	go
240.8782081145	1000.0000000000	120439.1041	cor
241.7462078321	1000.0000000000	120873.1039	go
242.1182134587	1000.0000000000	121059.1067	cor
242.8452060956	1000.0000000000	121422.603	go
243.1742125589	1000.0000000000	121587.1063	cor
243.8292080003	1000.0000000000	121914.604	go
244.1582044053	1000.0000000000	122079.1022	cor
245.0792112786	1000.0000000000	122539.6056	go
245.3902134138	1000.0000000000	122695.1067	cor
245.9792063969	1000.0000000000	122989.6032	ng
247.3902126241	1000.0000000000	123695.1063	err
248.2452069807	1000.0000000000	124122.6035	go
248.5902061152	1000.0000000000	124295.1031	cor
249.4292078006	1000.0000000000	124714.6039	go
249.8222050655	1000.0000000000	124911.1025	cor
250.6292113501	1000.0000000000	125314.6057	go
250.9182059604	1000.0000000000	125459.103	cor
251.8292048413	1000.0000000000	125914.6024	ng
252.8122109759	1000.0000000000	126406.1055	go
253.1662122744	1000.0000000000	126583.1061	cor
254.0122044671	1000.0000000000	127006.1022	go
254.4942074853	1000.0000000000	127247.1037	cor
255.2622077453	1000.0000000000	127631.1039	go
255.5982047158	1000.0000000000	127799.1024	cor
256.5502112198	1000.0000000000	128275.1056	err
257.5902075905	1000.0000000000	128795.1038	err
258.2952128190	1000.0000000000	129147.6064	ng
259.3622056234	1000.0000000000	129681.1028	go
259.6862131196	1000.0000000000	129843.1066	cor
260.3952114868	1000.0000000000	130197.6057	go
260.7982066858	1000.0000000000	130399.1033	cor
261.3622048336	1000.0000000000	130681.1024	go
261.7102113950	1000.0000000000	130855.1057	cor
262.5292071539	1000.0000000000	131264.6036	go
262.8702131498	1000.0000000000	131435.1066	cor
263.4622135597	1000.0000000000	131731.1068	go
263.8862104553	1000.0000000000	131943.1052	cor
264.4792066354	1000.0000000000	132239.6033	go
264.9182104903	1000.0000000000	132459.1052	cor
265.7292099136	1000.0000000000	132864.605	go
265.9662132549	1000.0000000000	132983.1066	cor
266.8122054476	1000.0000000000	133406.1027	go
267.1262049514	1000.0000000000	133563.1025	cor
267.9292080390	1000.0000000000	133964.604	go
268.2302122402	1000.0000000000	134115.1061	cor
268.9792124021	1000.0000000000	134489.6062	go
269.3342094707	1000.0000000000	134667.1047	cor
269.8952102500	1000.0000000000	134947.6051	go
270.2782095808	1000.0000000000	135139.1048	cor
270.8952048260	1000.0000000000	135447.6024	go
271.2222096908	1000.0000000000	135611.1048	cor
272.0452086467	1000.0000000000	136022.6043	go
272.3822114456	1000.0000000000	136191.1057	cor
273.1952124673	1000.0000000000	136597.6062	ng
274.4122044581	1000.0000000000	137206.1022	go
274.6782058316	1000.0000000000	137339.1029	cor
275.5782110083	1000.0000000000	137789.1055	go
275.9262075114	1000.0000000000	137963.1038	cor
276.5452043551	1000.0000000000	138272.6022	go
276.8542048919	1000.0000000000	138427.1024	cor
277.6622069466	1000.0000000000	138831.1035	ng
278.6452130812	1000.0000000000	139322.6065	go
278.9902122158	1000.0000000000	139495.1061	cor
279.5452081996	1000.0000000000	139772.6041	go
279.9262059319	1000.0000000000	139963.103	cor
280.4452133763	1000.0000000000	140222.6067	go
280.9182041723	1000.0000000000	140459.1021	cor
281.4122067231	1000.0000000000	140706.1034	go
281.7422089565	1000.0000000000	140871.1045	cor
282.5452120441	1000.0000000000	141272.606	go
282.9822042423	1000.0000000000	141491.1021	cor
283.5952063489	1000.0000000000	141797.6032	go
283.8942089516	1000.0000000000	141947.1045	cor
284.6122094828	1000.0000000000	142306.1047	go
284.8782108563	1000.0000000000	142439.1054	cor
285.8542063671	1000.0000000000	142927.1032	err
286.8282103378	1000.0000000000	143414.1052	ng
287.9782041001	1000.0000000000	143989.1021	ng
289.0452069628	1000.0000000000	144522.6035	go
289.4062088269	1000.0000000000	144703.1044	cor
290.0452115971	1000.0000000000	145022.6058	go
290.3342062074	1000.0000000000	145167.1031	cor
291.2282065886	1000.0000000000	145614.1033	go
291.5182070273	1000.0000000000	145759.1035	cor
292.3282106805	1000.0000000000	146164.1053	go
292.6622060525	1000.0000000000	146331.103	cor
293.4452132720	1000.0000000000	146722.6066	go
293.8302041429	1000.0000000000	146915.1021	cor
294.4782090771	1000.0000000000	147239.1045	go
294.7582115817	1000.0000000000	147379.1058	cor
295.6452113974	1000.0000000000	147822.6057	go
295.9022106069	1000.0000000000	147951.1053	cor
296.8782061177	1000.0000000000	148439.1031	go
297.1662049580	1000.0000000000	148583.1025	cor
298.1452078956	1000.0000000000	149072.6039	go
298.4222130316	1000.0000000000	149211.1065	cor
299.0282045144	1000.0000000000	149514.1023	go
299.3822058129	1000.0000000000	149691.1029	cor
300.2952062923	1000.0000000000	150147.6031	go
300.5582102972	1000.0000000000	150279.1051	cor
301.5282110709	1000.0000000000	150764.1055	go
301.8302110422	1000.0000000000	150915.1055	cor
302.5622127044	1000.0000000000	151281.1064	go
302.8542046833	1000.0000000000	151427.1023	cor
303.7282091963	1000.0000000000	151864.1046	go
304.0462118971	1000.0000000000	152023.1059	cor
317.1782066512	1000.0000000000	158589.1033	go
317.6532091039	1000.0000000000	158826.6046	cor
318.1782112855	1000.0000000000	159089.1056	go
318.4932065594	1000.0000000000	159246.6033	cor
319.3782047766	1000.0000000000	159689.1024	go
319.6772073793	1000.0000000000	159838.6037	cor
320.5282085973	1000.0000000000	160264.1043	go
320.8372091341	1000.0000000000	160418.6046	cor
321.6282126892	1000.0000000000	160814.1063	go
321.9412063646	1000.0000000000	160970.6032	cor
322.5282078075	1000.0000000000	161264.1039	go
322.8692138034	1000.0000000000	161434.6069	cor
323.7612125862	1000.0000000000	161880.6063	go
324.0772136885	1000.0000000000	162038.6068	cor
324.9452134061	1000.0000000000	162472.6067	go
325.2532081145	1000.0000000000	162626.6041	cor
326.1282083976	1000.0000000000	163064.1042	go
326.4612079996	1000.0000000000	163230.604	cor
327.3952101755	1000.0000000000	163697.6051	go
327.7332087445	1000.0000000000	163866.6044	cor
328.6282048959	1000.0000000000	164314.1024	go
329.0292085546	1000.0000000000	164514.6043	cor
329.6782092589	1000.0000000000	164839.1046	go
330.1172131139	1000.0000000000	165058.6066	cor
330.9282125372	1000.0000000000	165464.1063	go
331.6052054453	1000.0000000000	165802.6027	cor
332.0952047992	1000.0000000000	166047.6024	ng
333.2782098490	1000.0000000000	166639.1049	go
333.5732092547	1000.0000000000	166786.6046	cor
334.4952118981	1000.0000000000	167247.6059	go
335.0292061853	1000.0000000000	167514.6031	cor
335.7282066184	1000.0000000000	167864.1033	go
336.3732041258	1000.0000000000	168186.6021	cor
337.1412043858	1000.0000000000	168570.6022	err
337.7952141154	1000.0000000000	168897.6071	go
338.2692107397	1000.0000000000	169134.6054	cor
339.0112103361	1000.0000000000	169505.6052	go
339.4692042309	1000.0000000000	169734.6021	cor
340.2612136143	1000.0000000000	170130.6068	go
340.6292059857	1000.0000000000	170314.603	cor
341.7172105449	1000.0000000000	170858.6053	err
342.4612117398	1000.0000000000	171230.6059	go
342.7972087103	1000.0000000000	171398.6044	cor
343.7112049598	1000.0000000000	171855.6025	go
343.9812095302	1000.0000000000	171990.6048	cor
344.6112101364	1000.0000000000	172305.6051	go
345.0052132297	1000.0000000000	172502.6066	cor
345.8782119143	1000.0000000000	172939.106	go
346.1332095253	1000.0000000000	173066.6048	cor
347.0292115051	1000.0000000000	173514.6058	err
348.6942095149	1000.0000000000	174347.1048	go
349.1252069759	1000.0000000000	174562.6035	cor
349.7282111484	1000.0000000000	174864.1056	go
350.0372116852	1000.0000000000	175018.6058	cor
351.2132061112	1000.0000000000	175606.6031	err
351.9612105030	1000.0000000000	175980.6053	go
352.1892116803	1000.0000000000	176094.6058	cor
352.8782041210	1000.0000000000	176439.1021	go
353.1412081259	1000.0000000000	176570.6041	cor
354.0112094420	1000.0000000000	177005.6047	go
354.2372090209	1000.0000000000	177118.6045	cor
355.2612127203	1000.0000000000	177630.6064	go
355.5572078961	1000.0000000000	177778.6039	cor
356.5812115955	1000.0000000000	178290.6058	err
357.5612103033	1000.0000000000	178780.6052	go
358.0292121905	1000.0000000000	179014.6061	cor
358.6442058372	1000.0000000000	179322.1029	go
358.9172077763	1000.0000000000	179458.6039	cor
360.8612125206	1000.0000000000	180430.6063	go
361.8942083257	1000.0000000000	180947.1042	go
362.1972141254	1000.0000000000	181098.6071	cor
363.0942118752	1000.0000000000	181547.1059	go
363.3572058219	1000.0000000000	181678.6029	cor
364.1612046796	1000.0000000000	182080.6023	go
364.4372140455	1000.0000000000	182218.607	cor
365.3282069999	1000.0000000000	182664.1035	go
365.5572039473	1000.0000000000	182778.602	cor
366.5442132789	1000.0000000000	183272.1066	go
366.8052056271	1000.0000000000	183402.6028	cor
367.5282051253	1000.0000000000	183764.1026	go
367.7892075318	1000.0000000000	183894.6038	cor
368.7282086748	1000.0000000000	184364.1043	go
369.0372092116	1000.0000000000	184518.6046	cor
369.8942051667	1000.0000000000	184947.1026	go
370.3332090217	1000.0000000000	185166.6045	cor
372.3782089937	1000.0000000000	186189.1045	go
372.7412124562	1000.0000000000	186370.6062	cor
373.5612039852	1000.0000000000	186780.602	ng
374.7282063055	1000.0000000000	187364.1032	go
375.1012077022	1000.0000000000	187550.6039	cor
375.7442136693	1000.0000000000	187872.1068	go
376.0532041478	1000.0000000000	188026.6021	cor
376.9112059313	1000.0000000000	188455.603	go
377.1572114366	1000.0000000000	188578.6057	cor
377.9942115235	1000.0000000000	188997.1058	go
378.4052131164	1000.0000000000	189202.6066	cor
379.1442052859	1000.0000000000	189572.1026	go
379.4852112818	1000.0000000000	189742.6056	cor
380.7892074275	1000.0000000000	190394.6037	err
381.1112133253	1000.0000000000	190555.6067	go
381.5092095572	1000.0000000000	190754.6048	cor
382.2932125467	1000.0000000000	191146.6063	err
383.0942039776	1000.0000000000	191547.102	go
383.3652043182	1000.0000000000	191682.6022	cor
397.1442082363	1000.0000000000	198572.1041	ng
398.1772040415	1000.0000000000	199088.602	ng
399.3942060906	1000.0000000000	199697.103	go
399.7492132175	1000.0000000000	199874.6066	cor
400.2942112672	1000.0000000000	200147.1056	go
400.8852058488	1000.0000000000	200442.6029	cor
401.3442055720	1000.0000000000	200672.1028	go
401.8212096232	1000.0000000000	200910.6048	cor
402.5272106218	1000.0000000000	201263.6053	go
402.8452133226	1000.0000000000	201422.6067	cor
403.4942140269	1000.0000000000	201747.107	go
403.7892134327	1000.0000000000	201894.6067	cor
404.6112065601	1000.0000000000	202305.6033	go
404.8852042693	1000.0000000000	202442.6021	cor
405.8612098384	1000.0000000000	202930.6049	go
406.1492086786	1000.0000000000	203074.6043	cor
406.9942051011	1000.0000000000	203497.1026	go
407.2932077038	1000.0000000000	203646.6039	cor
407.9612085062	1000.0000000000	203980.6043	go
408.2532105434	1000.0000000000	204126.6053	cor
408.8612136829	1000.0000000000	204430.6068	go
409.1412061292	1000.0000000000	204570.6031	cor
410.1112069029	1000.0000000000	205055.6035	go
410.3972041446	1000.0000000000	205198.6021	cor
411.4692059743	1000.0000000000	205734.603	err
412.0942076135	1000.0000000000	206047.1038	go
412.3812106836	1000.0000000000	206190.6053	cor
413.1942117053	1000.0000000000	206597.1059	go
413.4452061194	1000.0000000000	206722.6031	cor
414.3442054677	1000.0000000000	207172.1027	go
414.6132042098	1000.0000000000	207306.6021	cor
415.2772118735	1000.0000000000	207638.6059	go
415.5732070494	1000.0000000000	207786.6035	cor
416.1942054915	1000.0000000000	208097.1027	ng
417.3942090410	1000.0000000000	208697.1045	go
417.6212043899	1000.0000000000	208810.6022	cor
418.3102068889	1000.0000000000	209155.1034	ng
419.2272105652	1000.0000000000	209613.6053	go
419.5562069702	1000.0000000000	209778.1035	cor
420.4772037852	1000.0000000000	210238.6019	go
420.8202113795	1000.0000000000	210410.1057	cor
421.7102085638	1000.0000000000	210855.1043	ng
422.7772114265	1000.0000000000	211388.6057	go
423.0202095050	1000.0000000000	211510.1048	cor
423.7772060025	1000.0000000000	211888.603	go
424.0842049408	1000.0000000000	212042.1025	cor
424.6942096788	1000.0000000000	212347.1048	go
425.1252071398	1000.0000000000	212562.6036	cor
425.8272049415	1000.0000000000	212913.6025	ng
426.9102105337	1000.0000000000	213455.1053	go
427.1642123747	1000.0000000000	213582.1062	cor
428.1442110825	1000.0000000000	214072.1055	go
428.4202103901	1000.0000000000	214210.1052	cor
429.3442045736	1000.0000000000	214672.1023	go
429.6282102752	1000.0000000000	214814.1051	cor
430.2942094791	1000.0000000000	215147.1047	go
430.6202085155	1000.0000000000	215310.1043	cor
431.4942130286	1000.0000000000	215747.1065	go
431.7802102703	1000.0000000000	215890.1051	cor
432.3772096473	1000.0000000000	216188.6048	ng
433.6102043676	1000.0000000000	216805.1022	go
433.8522066760	1000.0000000000	216926.1033	cor
434.4942068148	1000.0000000000	217247.1034	go
434.8282122451	1000.0000000000	217414.1061	cor
435.6772118646	1000.0000000000	217838.6059	ng
436.5442057538	1000.0000000000	218272.1029	go
436.9082049865	1000.0000000000	218454.1025	cor
437.7602120328	1000.0000000000	218880.106	go
438.0442076761	1000.0000000000	219022.1038	cor
438.9942125815	1000.0000000000	219497.1063	go
439.3242047566	1000.0000000000	219662.1024	cor
440.0602096158	1000.0000000000	220030.1048	go
440.3722075212	1000.0000000000	220186.1038	cor
440.9602047342	1000.0000000000	220480.1024	go
441.2922085661	1000.0000000000	220646.1043	cor
442.3242086011	1000.0000000000	221162.1043	err
442.8942115444	1000.0000000000	221447.1058	go
443.2202105808	1000.0000000000	221610.1053	cor
443.9942055780	1000.0000000000	221997.1028	go
444.3242078114	1000.0000000000	222162.1039	cor
445.1602121282	1000.0000000000	222580.1061	go
445.5402140903	1000.0000000000	222770.107	cor
446.1602067041	1000.0000000000	223080.1034	go
446.7882057118	1000.0000000000	223394.1029	cor
447.1102116096	1000.0000000000	223555.1058	go
447.5722087014	1000.0000000000	223786.1044	cor
448.3442121583	1000.0000000000	224172.1061	go
448.7722122508	1000.0000000000	224386.1061	cor
449.3772079635	1000.0000000000	224688.604	ng
450.3442113686	1000.0000000000	225172.1057	go
450.6602124709	1000.0000000000	225330.1062	cor
451.3102089453	1000.0000000000	225655.1045	go
451.7402106363	1000.0000000000	225870.1053	cor
452.3272120792	1000.0000000000	226163.606	go
452.7322088766	1000.0000000000	226366.1044	cor
453.3772063839	1000.0000000000	226688.6032	go
453.7402098465	1000.0000000000	226870.1049	cor
454.5102117050	1000.0000000000	227255.1059	go
454.8922052073	1000.0000000000	227446.1026	cor
455.7102051961	1000.0000000000	227855.1026	go
456.0362042326	1000.0000000000	228018.1021	cor
456.6432116020	1000.0000000000	228321.6058	ng
457.6602046776	1000.0000000000	228830.1023	go
457.9242044526	1000.0000000000	228962.1022	cor
458.8432097274	1000.0000000000	229421.6049	go
459.1482070673	1000.0000000000	229574.1035	cor
459.7772119033	1000.0000000000	229888.606	go
460.1402053076	1000.0000000000	230070.1027	cor
473.4932107317	1000.0000000000	236746.6054	go
473.9962053883	1000.0000000000	236998.1027	cor
474.9722109574	1000.0000000000	237486.1055	err
475.8772050428	1000.0000000000	237938.6025	go
476.1242063183	1000.0000000000	238062.1032	cor
477.1272083211	1000.0000000000	238563.6042	go
477.4122097927	1000.0000000000	238706.1049	cor
478.0102049398	1000.0000000000	239005.1025	go
478.3482135671	1000.0000000000	239174.1068	cor
478.8932116169	1000.0000000000	239446.6058	go
479.2362091529	1000.0000000000	239618.1046	cor
480.0432053792	1000.0000000000	240021.6027	go
480.3402063835	1000.0000000000	240170.1032	cor
481.1932091999	1000.0000000000	240596.6046	go
481.4602063435	1000.0000000000	240730.1032	cor
482.4102112490	1000.0000000000	241205.1056	go
482.7482098180	1000.0000000000	241374.1049	cor
483.3772045958	1000.0000000000	241688.6023	go
483.7162089932	1000.0000000000	241858.1045	cor
484.3102110016	1000.0000000000	242155.1055	go
484.5962082434	1000.0000000000	242298.1041	cor
485.4762074935	1000.0000000000	242738.1037	go
485.7562099981	1000.0000000000	242878.105	cor
486.8602072287	1000.0000000000	243430.1036	err
487.5102137613	1000.0000000000	243755.1069	go
487.7402064788	1000.0000000000	243870.1032	cor
488.8442137676	1000.0000000000	244422.1069	err
489.8432125735	1000.0000000000	244921.6063	go
490.1082081187	1000.0000000000	245054.1041	cor
491.0432060647	1000.0000000000	245521.603	ng
492.0432106990	1000.0000000000	246021.6053	go
492.3802134979	1000.0000000000	246190.1067	cor
492.9602043170	1000.0000000000	246480.1022	go
493.2842118132	1000.0000000000	246642.1059	cor
493.9602089512	1000.0000000000	246980.1045	go
494.2682137179	1000.0000000000	247134.1069	cor
494.9432050276	1000.0000000000	247471.6025	go
495.2122138280	1000.0000000000	247606.1069	cor
496.1262100774	1000.0000000000	248063.105	go
496.3722055244	1000.0000000000	248186.1028	cor
497.0762049246	1000.0000000000	248538.1025	go
497.3722101587	1000.0000000000	248686.1051	cor
498.0102071005	1000.0000000000	249005.1036	go
498.2682121384	1000.0000000000	249134.1061	cor
499.2262133795	1000.0000000000	249613.1067	go
499.5322064894	1000.0000000000	249766.1032	cor
500.1762082267	1000.0000000000	250088.1041	go
500.6362137783	1000.0000000000	250318.1069	cor
501.2102098602	1000.0000000000	250605.1049	go
501.5482084292	1000.0000000000	250774.1042	cor
502.2102044362	1000.0000000000	251105.1022	go
502.5562093991	1000.0000000000	251278.1047	cor
503.1432108420	1000.0000000000	251571.6054	ng
504.3102131623	1000.0000000000	252155.1066	ng
505.3432089674	1000.0000000000	252671.6045	ng
506.5762137461	1000.0000000000	253288.1069	go
506.9402129787	1000.0000000000	253470.1065	cor
507.5102058637	1000.0000000000	253755.1029	go
507.8682103592	1000.0000000000	253934.1052	cor
508.6932109135	1000.0000000000	254346.6055	go
508.9962066549	1000.0000000000	254498.1033	cor
509.6762069899	1000.0000000000	254838.1035	go
509.9882048953	1000.0000000000	254994.1024	cor
510.5762121665	1000.0000000000	255288.1061	go
510.8842068750	1000.0000000000	255442.1034	cor
511.7432044286	1000.0000000000	255871.6022	go
511.9642050403	1000.0000000000	255982.1025	cor
513.1962140489	1000.0000000000	256598.107	err
514.3402130741	1000.0000000000	257170.1065	err
516.1102095085	1000.0000000000	258055.1048	go
516.4442048806	1000.0000000000	258222.1024	cor
517.2262062716	1000.0000000000	258613.1031	ng
518.3932085919	1000.0000000000	259196.6043	go
518.6842048007	1000.0000000000	259342.1024	cor
519.6092048126	1000.0000000000	259804.6024	go
520.0122100699	1000.0000000000	260006.105	cor
520.8592080909	1000.0000000000	260429.604	go
521.2282062906	1000.0000000000	260614.1031	cor
521.8262114960	1000.0000000000	260913.1057	go
522.1562137294	1000.0000000000	261078.1069	cor
523.0092064875	1000.0000000000	261504.6032	go
523.3072133201	1000.0000000000	261653.6067	cor
523.9092116642	1000.0000000000	261954.6058	go
524.2442128646	1000.0000000000	262122.1064	cor
525.1592048842	1000.0000000000	262579.6024	go
525.4352041918	1000.0000000000	262717.6021	cor
526.1932065177	1000.0000000000	263096.6033	go
526.4912133503	1000.0000000000	263245.6067	cor
527.1932111520	1000.0000000000	263596.6056	go
527.4752051967	1000.0000000000	263737.6026	cor
528.3262064147	1000.0000000000	264163.1032	go
528.6272106159	1000.0000000000	264313.6053	cor
529.4592117357	1000.0000000000	264729.6059	go
529.7472105759	1000.0000000000	264873.6053	cor
530.5762042689	1000.0000000000	265288.1021	go
530.8752068716	1000.0000000000	265437.6034	cor
531.5092106748	1000.0000000000	265754.6053	go
531.7792051870	1000.0000000000	265889.6026	cor
532.7072126257	1000.0000000000	266353.6063	err
533.3432079691	1000.0000000000	266671.604	go
533.5952082115	1000.0000000000	266797.6041	cor
534.4932117897	1000.0000000000	267246.6059	go
534.7552099663	1000.0000000000	267377.605	cor
535.6592082816	1000.0000000000	267829.6041	ng
536.8592118311	1000.0000000000	268429.6059	go
537.1312079418	1000.0000000000	268565.604	cor
